solve; abs((2*x-5)/(x++1))>=1; Or(And(-oo>x, x<-1), And(-1>x, x<4/3), And(6>x, x<oo) )
solve; sqrt(1-4*x+4*(x**2))<=(x**2-2*x-3)/(x-3); Or(And(0>=x, x<=2) )
solve; sqrt(x**2-(6*(x**2)/abs(x))+3)/(tan(rad(30))**2)<1/2*sin(rad(30))**2; Or(And(-3+1/8>x, x<-2+7/8), And(2+7/8>x, x<3+1/8) )
solve; abs((x**3-8)/(x**2+2*x+4))>0.4*(2+1/2)+5*(abs(x)**0)-(x**(2*k+1)/x**(2*k)); Or(And(4>x, x<oo) )
solve; sqrt(9*(x**2)-6*x+x**0)>sqrt(4+2*sqrt(3))-sqrt(3); Or(And(-oo>x, x<0), And(2/3>x, x<oo) )
solve; x/abs(x)>=sqrt(9-x**2); Or(And(-2*sqrt(2)>x, x<0), And(0>x, x<2*sqrt(2)))
solve; abs((x**3+1)/(x**2-x+1))>abs(3*x)**0+2.4*((6/5)**(-1))-((x**(n+2))/x**n); Or(And(1/2*(1-sqrt(17))>x, x<-1), And(1>x, x<oo) )
solve; ((x**7)*(tan(rad(189))*sin(rad(180))))/tan(rad(9))+cot(rad(45))+sqrt(x**2-4*x+4)-5>=0; Or(And(-oo>x, x<0), And(6>x, x<oo) )
solve; abs(x-2)>=3, abs((x-1)/x)<1; Or(And(5>x, x<oo) )
solve; sqrt(3*(x**2)+4)/x-1>=4; Or(And(1>x, x<=2) )
solve; (x**0.4*(x**(1+3/5))+4*cot(rad(4))*cot(rad(94)))/(abs(x)-2)>=x**2; Or(And(-2>x, x<=0) )
solve; (x-3*sqrt(x)-4)/(x+2*sqrt(x)-3)<0; Or(And(1>x, x<16) )
solve; abs(x+1)-abs(x-2)<3; Or(And(-oo>x, x<2) )
solve; (x**2+4*x+4)/(abs(x+2))<=(9*(x**2)-24*x+16)/(abs(3*x+4)); [-1]
solve; tan(5)*cot(pi-5)+x*sin(rad(30))+sqrt((x-3)**2)<1; Or(And(3>x, x<10/3), And(2>x, x<3) )
solve; sqrt(1+x)<root(1-2*x, 3); Or(And(-oo>x, x<1), And(2>x, x<oo) )
solve; cot(rad(77))*cot(rad(13))+sqrt(x**2*cos(rad(60))*sin(rad(30)))-(x**2)*sin(rad(60))**2<=0; Or(And(-oo>x, x<=(1/3)*(-1-sqrt(13))), And((1/3)*(1+sqrt(13))>=x, x<oo) )
solve; arcsin(sqrt(x**2-3))>arcsin(sqrt(3)/2); Or(And(-2>=x, x<-sqrt(15)/2), And(sqrt(15)/2>=x, x<=2) )
solve; 3**y-3*cos(x)+sqrt(y-2*(x**2)-1)<=0; {x:0, y:1}
solve; 1/x+(1/(x+1))-(1/(x+3))-(1/(x+4))>=21/30; Or(And(-5>x, x<-4), And(-2-2*sqrt(3/7)>x, x<-3), And(-1>x, x<-2+2*sqrt(3/7), And(0>x, x<1) ))
solve; sqrt(6*x-x**2-5)-sqrt(7-2*x)>=sqrt(8*x-x**2-12); [2, -3.5]
solve; root(2-x, 3)+sqrt(x-1)>1; [4,1]
solve; sin(rad(2013))**2+cos(rad(213))**2>=2*sin(x/2); Or(And(4*pi*n-(7*pi)/3>=x, x<pi/3) )
solve; arcsin(sqrt(x**2-2))<=arctan(1/sqrt(3)); Or(And(-sqrt(10)/2>x, x<sqrt(2)), And(sqrt(2)>x, x<sqrt(10)/2) )
solve; 3*(1+a**2+a**4)>=(1+a+a**2)**2; 2*(a-1)**2>=0
solve; 3**(2*abs(x)-x)<=tan(arccos(sqrt(3)/2)); []
solve; sqrt(7*(x**2)-11*x-13)+sqrt(7*(x**2)-13*x-10)<=abs(2*x-3); Or(And((9-sqrt(417))/12>=x, x<=(11-sqrt(485)/14) ), And((13+sqrt(449))/14>=x, x<=(9+sqrt(417))/12) )
solve; x**(1/log(x, 10))*log(x, 10)<1; Or(And(0>x, x<1), And(1>x, x<root(10, 10)) )
solve; 1/log(pi, 7)+1/log(pi, 5)>3; 1/log(pi, 7)+1/log(pi, 5)>3
solve; arccos(log(x/3, 2))<arcsin(sqrt(3)/2); Or(And(3*sqrt(2)>x, x<=6) )
solve; sin(x)*cos(x)*cos(2*x)*cos(8*x)-(1/4)*sin(12*x); [(pi*n)/8]
solve; cos(rad(2010))+cos(rad(30))+tan(rad(30))*(3/abs(x))-sqrt(x**2)-3*sin(rad(30)); [2,-2]
solve; ((x**7)*tan(rad(189))*sin(rad(180)))+cot(rad(45))+sqrt(x**2-4*x+4)>=5;Or(And(-oo>x, x<2), And(6>x, x<oo) ) 
solve; 4*(sin(x)**3+cos(x)**3)-3*(sin(x)+cos(x)); [pi/12+(pi*n)/3] 
solve; cos((2*pi)/3*cos(x)-4/3)**2-1; [pi+2*pi*n, +-pi/3+2*pi*n]
solve; sin(rad(2010))*sin(rad(540))+tan(rad(60))*((x**0)*(x**2))/(3*abs(x))-x**2*cos(rad(30)); [2/3, -2/3]
solve; tan(5)*cot(pi-5)+x*sin(rad(30))+sqrt((x-3)**2)<1; Or(And(3>=x, x<10/3), And(2>x, x<3) )
solve; (sin(3*x)+sqrt(3)*cos(3*x))**2-5+cos(3*x+pi/6); [(5*pi)/18+(2*pi*n)/3]
solve; cos(x)+cos(7*x)-2; [2*pi*n]
solve; sin(3*x)-(a/3)*sin(x); [pi*n, +-1/2]
solve; (sin(x)+cos(x))*sin(6*x)-sqrt(2); [(5*pi)/4+2*pi*k]
solve; sin(x)+sin(x)**7-sin(7*x)-3; pi/2+2*pi*n
solve; 3/(cos(x)**2)+1-(7*sin(x))/(abs(cos(x))); pi/4+2*pi*k, arctan(4/3)+2*pi*k, (3*pi)/4+2*pi*k, pi-arctan(4/3)+2*pi*k
solve; (1-2*abs(cos(x))*cos(x))/(sqrt(x*(7-x))); [7*pi/4]
solve; cot(rad(77))*cot(rad(13))+sqrt(x**2*cos(rad(60))*sin(rad(30)))-x**2*(sin(rad(60))**2)<=0; Or(And(-oo>x, x<1/3*(-1-sqrt(13))), And(1/3*(-1-sqrt(13)>x, x<oo) ))
solve; 1/(1+cos(x)**2)+1/(1+sin(x)**2)-48/35; -pi/6+(pi*n)/2
solve; sin(pi*sqrt(4-3*x-x**2))-(abs(x)+x)**0; [1/2*(-3+2*sqrt(6)), 3/2*(-1+sqrt(2)), 1/2*(-3+2*sqrt(3)) ]
solve; (sin(x)**2)-4/pi*(arcsin(x)+arcos(x)); net_koreney
solve; 5+4*cos((x-y)/2)+cos(x-y)-4*sqrt(4*x-x**2)*(cos((x-y)/4)**2); Or(And(2>x, x<pi+2+2*pi*n) )
solve; limit((sin(x)**4-cos(x)**4), pi, 0); [0]
solve; log((3+2*x-x**2), 2)-tan((pi*x)/4)**2+cot((pi*x)/4)**2; [1]
solve; cos(pi*sqrt(x**2-4*x-5))-(1-x**3)/(x**2+x+1)+x; [2-sqrt(9+4*(n**2)), 2+sqrt(9+4*(n**2))]
solve; (sin(x-y)+1)*(2*cos(2*x-y)+1)-6; [2*pi*k-pi/2]
solve; 6*(tan(x)**3)-5-sqrt(1/6*(tan(x)+5)); [pi/4+pi*n]
