solve; cos(x)-sqrt(2)/2; [_k*2*pi+pi/4, -_k*2*pi+pi/4]
solve; cos(x)+1/2; [_k*2*pi+2*pi/3, -_k*2*pi+2*pi/3]
solve; cos(x)-sqrt(3)/2; [_k*2*pi+pi/6, -_k*2*pi+pi/6]
solve; cos(x)+1; [_k*2*pi+pi, -_k*2*pi+pi]
solve; 2*cos(x)+sqrt(3); [_k*2*pi+5*pi/6, -_k*2*pi+5*pi/6]
solve; sqrt(2)*cos(x)-1; [_k*2*pi+pi/4, -_k*2*pi+pi/4]
solve; 2*cos(x)+sqrt(2); [_k*2*pi+3*pi/4, -_k*2*pi+3*pi/4]
solve; 2*cos(x)-1; [_k*2*pi+pi/3, -_k*2*pi+pi/3]
solve; sin(x)-1/2; [_k*pi+((-1)**_k)*pi/6]
solve; sin(x)+sqrt(3)/2; [_k*pi+((-1)**(_k-1))*pi/3]
solve; sin(x)+1/2; [_k*pi+((-1)**(_k-1))*pi/6]
solve; sin(x)+1; [2*_k*pi-pi/2]
solve; sqrt(2)*sin(x)+1; [_k*pi+((-1)**(_k+1))*pi/4]
solve; 2*sin(x)+sqrt(3); [_k*pi+((-1)**(_k-1))*pi/3]
solve; 2*sin(x)-1; [_k*pi+((-1)**_k)*pi/6]
solve; 2*sin(x)+1; [_k*pi+((-1)**(_k-1))*pi/4]
solve; tan(x)+1/sqrt(3); [_k*pi-pi/6]
solve; cot(x)-sqrt(3); [_k*pi+pi/6]
solve; 2*sin(x)-1; [_k*pi+pi/4]
solve; 2*sin(x)+sqrt(2); [_k*pi]
solve; tan(x)+sqrt(3); [_k*pi-pi/3]
solve; cot(x)+1; [_k*pi-pi/4]
solve; sqrt(3)*tan(x)-1; [_k*pi+pi/6]
solve; sqrt(3)*cot(x)-1; [_k*pi+pi/3]
solve; sin(2*x)-sqrt(2)/2; [(_k*pi)/2+((-1)**_k)*pi/8]
solve; cos(x/3)+1/2; [6*_k*pi+2*pi, 6*_k*pi-2*pi]
solve; sin(x/4)-1/2; [_k*4*pi+((-1)**_k)*((2*pi)/3)]
solve; cos(4*x); [(_k*pi)/4+pi/8]
solve; sin(x)+0.6; [_k*pi+((-1)**(_k-1))*arcsin(0.6)]
solve; cot(x)-2.5; [_k*pi+arcot(2/5)]
solve; cos(x)-0.3; [_k*2*pi+arccos(0.3), _k*2*pi-arccos(0.3)]
solve; tan(x)+3.5; [_k*pi+arcot(3.5), _k*pi-arcot(3.5)]
solve; sin(-x/3)-sqrt(2)/2; [_k*4*pi+((-1)**(_k+1))*((3*pi)/4)]
solve; tan(-4*x)-1/sqrt(3); [(_k*pi)/4-pi/24]
solve; cos(-2*x)+sqrt(3)/2; [-_k*pi+(5*pi)/12]
solve; cot(-x/2)-1; [_k*2*pi-pi/2]
solve; 2*cos(x/2-pi/6)-sqrt(3); [_k*4*pi, _k*4*pi+pi/3]
solve; 2*sin(3*x)-pi/4+sqrt(2); [(_k*pi)/3-pi/12*(1+(-1)**(k-1))]
solve; sqrt(3)*tan(x/3+pi/3)-3; [k*pi-pi/3]
solve; sin(x/2-pi/6)+1; [_k*4*pi-(2*pi)*3]
solve; cos(pi/6-2*x)+1; [_k*pi-pi/12]
solve; 2*sin(pi/3-x/4)-sqrt(3); [_k*4*pi-((4*pi)/3)*((-1)**k-1)]
solve; tan(pi/4-x/2)+1; [_k*2*pi+pi]
solve; 2*cos(pi/4-3*x)-sqrt(2); [((_k*2*pi)/3)+pi/6, (2*k*pi)/3]
solve; sin(3*x)*cos(x)-cos(3*x)*sin(x)-sqrt(3)/2; [_k*2*pi-pi/6*((-1)**k)]
solve; sin(x/4)**2-cos(x/4)**2-1; [_k*4*pi+2*pi]
solve; sin(2*x)*cos(2*x)+1/4; [(_k*pi)/4+(pi/24)*((-1)**(k+1))]
solve; sin(x/3)*cos(pi/5)-cos(x/3)*sin(pi/5)-sqrt(2)/2; [_k*3*pi+(3*pi)/5+(3*pi)/4*((-1)**k)]
solve; sin(x)*cos(pi/6)-cos(x)*sin(pi/6)<=1/2; And(_k*pi*2-pi<=x, x<=2*k*pi)
solve; sin(pi/4)*cos(x)+cos(pi/4)*sin(x)<-sqrt(2)/2; And(_k*pi*2-pi<x, x<2*k*pi-pi/2)
solve; 4*sin(2*x)*cos(2*x)>=sqrt(2); And((_k*pi)/2+pi/16<=x, x<=(_k*pi)/2+(3*pi)/16)
solve; cos(pi/8)*cos(x)-sin(x)*sin(pi/8)<-sqrt(3)/2; And(_k*2*pi+(27*pi)/24<x, x<_k*2*pi+(25*pi)/24)
solve; cot(x)>=sqrt(3); And(_k*2*pi-pi/2<x, x<_k*2*pi+pi/6)
solve; sqrt(3)*cot(pi/4-2*x)>1; And((_k*pi)/2-pi/24<x, x<(k*pi)/2+(3*pi)/8)
solve; cot(3*x)<=1/sqrt(3); And((_k*pi)/3+pi/6<=x, x<(_k*pi)/3+pi/6)
solve; 3*cot(pi/6+x/2)>-sqrt(3); And(_k*2*pi-(4*pi)/3<x, x<(_k*pi)/2-pi)
solve; 3*sin(x/4)>=2; And(_k*8*pi+4*arcsin(2/3)<=x, x<=_k*8*pi+4*(pi-arcsin(2/3)))
solve; 4*cos(x/3)<-3; And(_k*6*pi+3*(x-arccos(3/4))<x, x<_k*6*pi+3*(pi+arccos(3/4))) 
solve; 5*tan(2*x)<=3; And((_k*pi)/2+pi/4<x, x<(_k*pi)/2+1/2*(arcot(3/5)))
solve; 0.5*sin(4*x)<-0.2; And((_k*pi)/2+1/4*(-pi+arcsin(0.4))<x, x<(_k*pi)/2+1/4*(arcsin(0.4)))