solve; (x**3)-5*(x**2)+8*x-6; [2]
solve; 2**3+(-3**3)-(-2)**2+(-1)**5; -24
solve; (1/2)**(-4); 16
solve; (0.2)**(-4); 625
solve; root(0.064, 3); 0.4
solve; root((1/2)**12, 4); 1/8
solve; 5*x**5+160; [2]
solve; root(32, 5) - 0.5*root(0.064, 3); 1/8
solve; root(3**12*(1/3)**8, 4); 3
solve; root(64*x**3*z**6, 3); (4*x*z)**2
solve; (root(root(27*a**3 ,4) ,3))**4; 3*a
solve; (root(4, 3)-root(10, 3)+root(25, 3))*(root(2, 3)+root(5,3)); 7
solve; 81**(3/4); 27
solve; (144**(3/4))/(9**(3/4)); 8
solve; log(49, 7); 2
solve; 40*log(2, 10); 12
solve; 2*10**(-1)+(6**0-1/6)*(1/3)**(-2)*(1/3)**3*(-1/4)**(-1); 1.4
solve; 2**(4/5)*2**(11/5); 8
solve; a**(1/3)*root(a, 2); a**(5/6)
solve; 2**(2-3*root(5, 2))*8**root(5, 2); 4
solve; 5**(1/4)/2**(3/4)-2**(1/4)/5**(3/4)*root(1000, 4); 3
solve; b**(1/12)*root(b*root(b, 4), 3); root(b, 2)
solve; (3*x*y-y**2)/(x-y)-(y*root(y, 2)/(root(x, 2)-root(y, 2))-(y*root(x, 2))/(root(x, 2)+(root(y, 2)))); 2*y
solve; root(7+root(10, 5), 3); 2.04
solve; 2**(2*x+1)-32; [2]      
solve; 1/9**(2*x-5)-(3**(5*x-8)); [2]
solve; root(2, 3)**x-1-(2/(root(2, 3)**(2*x))); [2]
solve; (0.125)**(-1/3)+(3/4)**2-(1/85)**0; 25/16
solve; 2*10**(-1)+(6**0-1/6)*1/3**(-2)*1/3**3*(-1/4)**(-1); 1.4
solve; (root(125*x, 3)-root(8*x, 3))-(root(27*x, 3)-root(64*x, 3)); 4*root(x, 3)
solve; (1/7)**(3*x+3)-(7**(2*x)); [2]
solve; (1/16)**(-0.75)+10000**0.25-(7*19/32)**(1/5); 16.5
solve; (a**(4/3)-a**(-2/3))/(a**(1/3)-a**(-2/3)); a+1
solve; x**(-1/4)-2; [2]
solve; root(x-2, 2)-root(3*x-6, 2); [2]
solve; 3/4*pi; rad(135)
solve; tan(5*pi/6); -sqrt(3)/3
solve; cos(rad(-180)); -1
solve; cos(pi)-tan(2*pi); -1
solve; sin(pi/3)*cos(pi/6)-tan(pi/4); -1/4
solve; sin(rad(400)); 0.64
solve; (2*sin(a)+3*cos(a))/(3*sin(a)-5*cos(a)); 7
solve; (sin(a)+cos(a))**2; -3/8
solve; cos(a)*tan(a)-2*sin(a); -sin(a)
solve; (1+tan(a)**2+1/sin(a)**2)*sin(a)**2*cos(a); 1
solve; ((sin(a)+cos(a))**2/sin(a)**2) - (1+cot(a)**2); (2*sqrt(3))/3
solve; (1+tan(rad(-30))**2)/(1+cot(rad(-30))**2); 1/3
solve; cos(rad(240)); -1/2 
solve; cos(8*pi/7)*cos(pi/7)+sin(8*pi/7)*sin(pi/7); -1
solve; cos(a+b)+cos(pi/2-a)*cos(pi/2-b); cos(a)*cos(b)
solve; sin(rad(73))*cos(rad(13))-cos(rad(73))*sin(rad(13)); sqrt(3)/2
solve; (2*cos(a)*sin(b)+sin(a-b))/(2*cos(a)*cos(b)-cos(a-b)); tan(a+b)
solve; (tan(rad(29))+tan(rad(31)))/(1-tan(rad(29))*tan(rad(31))); sqrt(3)
solve; (sqrt(2)/2)-((cos(pi/8)+sin(pi/8))**2); -1
solve; ((2*cos(a))**2)*(3*a)-1; cos(6*a)
solve; sin(rad(3630)); 1/2
solve; tan(rad(1800))-sin(rad(495))+cos(rad(945)); -sqrt(2)
solve; cos(pi-a)**2+sin(a-pi)**2; 1
solve; (sin(pi/2-a)+sin(pi-a))/(cos(pi-a)+sin(2*pi-a)); -1
solve; sin(3*pi)-cos(3*pi/2); 0
solve; [2*x-3*y-1, 2*(x**2)-x*y-3*(y**2)-3]; {x: 2, y: 1}
solve; [x+y-9, 1/x-1/y+0.5]; [{x: -2, y: -5},{x: 5, y: 2}]
solve; [(x**2)-(y**2),12, (x**2)+(y**2),20]; [{x: -4, y: -2},{x: 4, y: 2}]
solve; [x*(y**2)+x*(y**3)-10, x+x*y-10]; {x:5, y:1}
solve; [(x**3)+27*(y**3)-54, (x**2)-3*x*y+9*(y**2)]; {x:3, y:1}
solve; [x+y-5, sqrt(x)+sqrt(y)-3]; Or({x: 1, y: 4}, {x: 4, y: 1})
solve; [x*z+y*z-16, x*y+y*z-15, x*z+x*y-7]; [{x: 1, y: 3, z: 4}, {x: -1, y: -3, z: -4}]
solve; (x**5)-2*(x**4)-3*(x**3)+6*(x**2)-4*x+8; [2]
solve; sqrt(9+sqrt(17))*sqrt(9-sqrt(17)); 8
solve; 2*sqrt(sqrt((a**4)*(b**8)))-(root(sqrt((a**3)*(b**6)), 3))**2; a*b**2
solve; (x**2)-5*x+6>=0; Or(And(-oo>x, x<3), And(3<x, x<oo) )
solve; sqrt(x-7)-sqrt(x+17)+4; [2]
solve; sqrt(5*x+11)>x+3; Or(And(-2.2>x, x<-2) )
solve; sqrt(2-2*x)-(x+3); [2]
solve; (2*tan(pi/6)-tan(pi/3))/(cos(pi/6)); -2/3
solve; (1+tan(a)**2)-(sin(a)-cos(a))**2/(cos(a)**2); 2*tan(a)
solve; sin(a)-cos(a)-0.6; 0.32
solve; sin(-11*pi/6); 1/2
solve; (sin(x)**2)/(1+cos(x)); 1
solve; (-15*(x**5)+10*(x**4)-25*(x**3))/(-5*(x**2))-3*(x-3)*((x**2)+3*x+9); (-2*x)**2+5*x+81 
solve; (a**2)-a*x-x+a; (a-x)*(a+1)
solve; (3*x*y-21*(y**2))/(4*(x**2)-28*x*y); (3*y)/(4*x)
solve; (2*(x**2)+x-3)/(2*(x**2)+7*x+6); (x-1)/(x+2)
solve; ((a**2)+12)/((a**2)-4)-(a+3)/(a-2); (-5*a+6)/(a**2-4)
solve; ((2*x*y)/((x**2)-9*(y**2))-y/(2*x-2*y))/((y**2)/((x**2)+3*x*y)); x/y
solve; (a+1)/(a-1)+6/((a**2)-1)-(a+3)/(a+1); 1/8
solve; (sqrt(5)-1)*(sqrt(5)+1); 4
solve; x/((x**2)-16)+(x-1)/(x+4)-1; [2]
solve; 6-sqrt(x+3); [2]
solve; (2*x+3)/5+(7*x-((3-x)/2))-(((7*x+11)/3)+1); [2]
solve; sqrt((x-1)**2)-1; [2]
solve; (1-a)/(1-a+(a**2))-2/(1+a)+(-3-7*a+2*(a**2))/((a**2)+1); (2*a**5-10*a**4-a**3-2*a**2-5*a-4)/((1-a+a**2)*(1+a)*(a**2+1))
solve; sqrt(x+3)+5-7*x; [2]
solve; sqrt(20)-(sqrt(sqrt(5)+1))-sqrt(sqrt(5)-1)**2; 8
solve; [2*x+6*y-18, 3*x-5*y+29]; {x:-3, y:4}
solve; 3*((0.5/1.25)+(7/5)/(1+4/7)-3/11)/((1.5+1/4)/(18+1/3)); 32
solve; ((3.75+2+(1/2))/(2+(1/3)-1.875)-(2.75-(1+(1/2)))/(8+(1/8)+1.5))/(10/11); 14+(6/7)
solve; ((x**2)+2*x-15)/((x**2)-9); (x+5)/(x+3)
solve; ((7+sqrt(5/7))-(5+sqrt(7/5)))**2; 0
solve; (3*x-2)/(2*x+5)-(x+4)/(x-10); 0.45
