solve; (2**(3*log(x, 10)))*(5**(log(x, 10)))-1600; [100]
solve; (2**(log(x**2, 3)))*(5**(log(x, 3)))-400; [9]
solve; 2/(3**x-1)<=7/(9**x-2); Or(And(-log(2, 3)<=x, x<0), And(log(sqrt(2), 3)<x, x<=1))
solve; log(log(x**2, 2), 1/3)>0; Or(And(-sqrt(2)<x, x<-1), And(1<x, x<sqrt(2)))
solve; log((3*x-2)/(x**2+1), 5)>0; x>(2/3)
solve; 4*log(x, 4)-33*log(4, x)<=1; Or(And(0<x, x<=4**((1-sqrt(265))/8)), And(1<x, x<=4**((1+sqrt(265))/8)))
solve; root((81-x), 3)<3; Or(And(54<x, x<oo))
solve; root((69-5*x), 3)<5; Or(And(42/5<x, x<oo))
solve; root((x**2-9), 5)<2; Or(And(-56/5<x, x<oo))
solve; sqrt((x+1)**2)-x-1; [1]
solve; x**4-2*(x**3)-11*(x**2)-4*x-4; 6*x/(48*(x**4)+82*(x*2)-3*x+188)
solve; (2*x)/(4*(x**2)+3*x+8)+(3*x)/(4*(x**2)-6*x+8)-1/6; x*(24*(x**2)-36*x+47)/6*(2*(x**2)+3*x+4)
solve; root(2*x-1, 3)+root(x-1, 3)-1; Or(And(-oo<x, x<oo))
solve; root((x+1)/x, 3)>-1; Or(And(-oo<x, x<12), And(0<x, x<oo))
solve; sqrt(7-2*x)>x-2; Or(And(-1<x, x<3))
solve; sin(3/2*pi) ; [-1]
solve; sin(t)+sin(3*t)-(2*sin(2*t)*cos(t)); Or(And(-oo<x, x<oo))
solve; cos(5*t)*cos(2*t)-cos(7*t)*cos(4*t); Or(And(-oo<x, x<oo))
solve; sin(t)>0; Or(And(0<x, x<oo))
diff; root(x, 4); x; Or(And(0<=x, x<oo))
diff; (x**3); x; Or(And(-2<x, x<2))
diff; (1/(cos(x)**2)); x; [(0.2*pi)]
diff; (1/sqrt(25-x**2)); x; Or(And(-5<x, x<5))
solve; (1/4)**x<1/16; Or(And(2<x, x<oo))
solve; log(1/2)*(4*x-14)<=-1;  x>=−134log(2), −10.796
solve; x**(sqrt(x))-x**(x/2); Or(And(0<=x, x<oo))
diff; (e**(-3*x)); x; Or(And(-2<x, x<2))
diff; (-9*y); y; Or(And(0<x, x<oo))
diff; (3*(y-4)); y; [-0.2]
