solve; -log(x)/log(3) < -4; x > 81
solve; 0.8*x + 2 > 0; x > -2.5
solve; log(7-x, 0.4)>=log(3*x+6, 0.4); Or(x>=1/4, 6)

solve; log(x)**2/log(10)**2 - 1; [10, 0.01]
solve; log(x, 3) > 2; And(9 < x, x < oo)
solve; (-4*x-3.6)*(x-3.2)<0; Or(And(-oo<x, x<-0.9), And(x<oo, x>3.2))
solve; x/(x-2)-14/(x**2+3*x-10)-8/(x+5); [1]
simplify; log(125, 3) - 3; 125
solve; -x**2+x+2>0; And(x < 2, x > -1)
solve; x**2+2*x-48<0; And(x < 6, x > -8)
solve; 0.01*x**2<=1; And(x <= 10, x >= -10)
solve; 4*x <= -x**2; And(x <= 0, x >= -4)
solve; -0.3*x < 0.6*x**2; Or(And(-oo < x, x < -0.5), And(x < oo, x > 0))
solve; (x-14)*(x+10)<0; And(x<14, x>-10)
solve; (x+0.1)*(x+6.3)>=0; Or(And(-oo<x, x<=-6.3), And(x<oo, x>=-0.1))
solve; (x-12)*(x-5)*(x-2)>0; Or(And(x<5, x>2), And(x<oo, x>12))
solve; (x-21)/(x+7)<0; And(x<21, x>-7)
solve; 3**(-x+6)-3**(3*x-2); [2]
solve; (1 / 5) ** (1 - x) - (1 / 5) ** x - 4.96; [2]
solve; x**3<5; And(-oo < x, x < 5**(1/3))
solve; x**7 >= 11; And(11**(1/7) <= x, x < oo)

# this line is a comment

# Integrals
integrate; sin(x); (x); -cos(x)
integrate; sin(x); (x, 1, 2); -cos(2) + cos(1)

# Limits
limit; 3 / (2 ** x) - 1; x; oo; -1
limit; ((3 * x - 2) * (2 * x + 3)) / (x ** 2); x; oo; 6

# Derivatives
diff; (x ** (1 / 2)); x; 1 / (2 * sqrt(x))
diff; root(5 * x, 3); x; root(5, 3) / (3 * root(x, 3/2)) 

# Systems
solve; [x - 2 * y - 6, 5 * x + 2 - 1]; {x: -1/5, y: -3-(1/10)}
solve; [x ** 2 - 2 * x * y - 7, x - 3 * y + 2]; [{x: -3, y: -1/3}, {x: 7, y: 3}]
