diff; (x**(1/2)); x; 1/(2*sqrt(x))
diff; root(x, 4); x; 1/(4*(root(x**3,4)))
diff; 1/(root(x**3, 4)); x; -3/(4*x*(root(x**2, 4)))
diff; (5*x+2)**(-3); x; (-15)*((5*x+2)**(-4))
diff; (2*x)**3; x; 24*(x**2)
diff; root(7-3*x, 4); x; -3/(4*root((7-3*x)**3, 4))
diff; root(5*x, 3); x; root(5, 3)/(3*root(x**2, 3))
diff; x**(-2); x; -2/(x**3)
diff; root(x, 3); x; 1/(3*root(x**2, 3))
diff; 1/(2+3*x)**2; x; -6/(2+3*x)**3
diff; root((3*x-2)**2, 3); x; 2/root(3*x-2, 3)
diff; (3*x-7)**(1/2); x; 3/(2*sqrt(3*x-7))
diff; x**2-x; x; 2*x-1
diff; 0.5*(x**3); x; 1.5*(x**2)
diff; x**4+2*(x**2); x; 4*(x**3)+4*x
diff; 2*(x**3)-3*(x**2)+6*x+1; x; 6*(x**2)-6*x+6
diff; 2*(root(x, 4))-sqrt(x); x; 1/(2*(root(x**3, 4)))-1/(2*sqrt(x))
diff; sqrt(x)+1/x+1; x; 1/(2*sqrt(x))-1/(x**2)
diff; x**(3/2)-x**(-3/2); x; (-3/(2*sqrt(x**3))+6/(x**4))
diff; 2*(x**3)+3*(x**2)-12*x-3; x; 6*(x**2)+6*x-12
diff; 3*(x**4)-4*(x**3)-12*(x**2); x; 12*(x**3)-12*(x**2)-24*x
diff; (x+2)*(root(x, 3)); x; (4*x+2)/(3*(root(x**2, 3)))
diff; (x-1)*sqrt(x); x; (3*x-1)/(2*sqrt(x)) 
diff; ((2*x-1)**5)*((x+1)**4); x; ((2*x-1)**4)*((1+x)**3)*(18*x+6)
diff; ((5*x-4)**6)*(sqrt(3*x-2)); x; ((3*((5*x-4)**5))/(sqrt(3*x-2)))*(65/2*x)-44/2
diff; ((x-3)**5)*((2+5*x)**6); x; 5*((x-3)**4)*((2+5*x)**5)*(11*x-16)
diff; (x**5+x**3+x)/(x+1); x; (4*(x**5)+5*(x**4)+2*(x**3)+3*(x**2)+1)/((x+1)**2)
diff; (sqrt(x)+x**2+1)/(x-1); x; (2*(x**2)*(sqrt(x))-4*x*(sqrt(x))-x-2*sqrt(x)-1)/(2*sqrt(x)*((x-1)**2))
diff; (x**2-1)/(x**2)+1; x;  (4*x)/(x**2+1)**2
diff; (2*(x**2))/(1-7*x); x; ((4*x)-14*(x**2))/(1-7*x)**2
diff; ((x**3)+(x**2)+16)/x; x; (2*(x**3)+x**2-16)/(x**2)
diff; (x*(root(x, 3))+3*x+18)/(root(x, 3)); x; (x*(root(x, 3))+2*x-6)/(x*(root(x, 3)))
diff; (x**2-4)/(sqrt(x)); x; (3*(x**2)+4)/(2*x*(sqrt(x)))
diff; ((root(x, 4))+(1/(root(x, 4)))*(root(x, 4))-(1/(root(x, 4)))); x; (x+1)/(2*x*(sqrt(x)))
diff; ((x-1)**4)*((x+1)**7); x; ((x-1)**3)*((x+1)**6)*(11*x-3)
diff; (root(2*x+1, 3))*((2*x-3)**3); x; (4*((2*x-3)**2)*(10*x+3))/(3*root((2*x+1)**2, 3))
diff; (2*(x**2)-3*x+1)/(x+1); x; (2*(x**2)+4*x-4)/((x+1)**2)
diff; (x**2-3*x+4)/(2*sqrt(x)-x*sqrt(x)); x; (-x**3+3*(x**2)+6*x-8)/(2*x*(sqrt(x))*((2-x)**2))
diff; 2*(x**3)-3*(x**2)-12*x+1; x; 6*(x**2)-6*x-12
diff; (2*x-1)/(x+1); x; 3/((x+1)**2)
diff; 3*(x**3)/(1-3*x); x; x>1/2
diff; e**x+x**2; x; e**x+2*x
diff; e**(1/2*x-1)-sqrt(x-1); x; 1/2*(e**(1/2*x-1))-1/(2*sqrt(x-1))
diff; e**(1-x)+x**(-3); x; 1/2
diff; e**(2*(x**3)); x; 6*(x**2)*(e**(2*(x**3)))
diff; 4+y**2; y; 2*tan(2*y)
diff; x*(y**4); y; root(2/C-3*(x**2), 3)
diff; 1+y**2/1++x**2; y; x+C/1-C*x
diff; x**3/sin(5*y); y; 1/5*arccos(-5/4*(x**4))
diff; (x**6)*sqrt(1-y**2); y; sin(x**7/7)
diff;  root(x, 4); x; And(x>=0, x<oo); {x>=0} 
diff;  x**3; x;	(-2,2)
diff;  1/(cos(x)**2); x;	(0.2*pi)
diff;  x**4/(1+x**2); x;	x**2-1
diff;  1/sqrt(25-x**2); x;	(-5,5); And(-5<x, x<5)
diff;  e**(-3*x); x;	(-2,2)
diff;  (-9*y); y;	(0,oo)
diff;  3*(y-4); y;	-0,2
