solve; tan(-x/2)<1; Or(And(-pi/2+2*pi*k>x, x<pi+2*pi*k) )
solve; sin((3*pi)/2-x)<sqrt(3)/2; Or(And(-(5*pi)/6+2*pi*k>x, x<(5*pi)/6+2*pi*k) )
solve; sin(x)*cos(pi/3)+sin(pi/3)*cos(x)<=1/2; Or(And(-(3*pi)/2+2*pi*k>=x, x<=(-pi)/6+2*pi*k) )
solve; sin(pi/6)*cos(x)+cos(pi/6)*sin(x)<=1; Or(And(-oo>x, x<oo) )
solve; 1-cos(x)-2*sin(x/2); 2*pi*k; pi+4*pi*k
solve; 2/(3*sqrt(2)*sin(x)-1)-1; ((-1)**k)*(pi/4)+pi*k
solve; 4/(sqrt(3)*tan(x)+5)-1/2; pi/3+pi*k
solve; 2+x-x**2>0; Or(And(-1>x, x<2) )
solve; 0.3*(x**2)+x+0.3<=0; Or(And(-3>=x, x<=(-1/3)) )
solve; 3*(x**2)-2*x-1<=0; Or(And((-1/3)>=x, x<=1) ) 
solve; 6*(x**2)+x-2<=0; Or(And((-2/3)>=x, x<=1/2) )
solve; x**2-2*x+1<=0; [1]
solve; -1/4*(x**2)-2*x+5>0; Or(And(0>=x, x<=(-oo)) )
solve; 4*(x**2)+4*x+1>0; Or(And(-oo>x, x<(-1/2)), And((-1/2)<x, x<oo) )
solve; 3*(x**2)+7*x-7>0; Or(And(-oo>x, x<((-7+sqrt(133))/6)), And(((-7+sqrt(133))/6)<x, x<oo) )
solve; 9*(x**4)-10*(x**2)+1<=0; Or(And(-1>=x, x<=(-1/3)), And(1/3<x, x<1) )
solve; x**3<5; Or(And(-oo>x, x<root(5, 3)) )
solve; x**7>=11; Or(And(root(11, 7)<=x, x<oo) )
solve; sqrt(13-x**2)-3; [-2, 2]
solve; x-sqrt(x+1)-5; [8]
solve; 3**(6-x)-3**(3*x-2); [2]
solve; 3**(x**2-x-2)-81; [-2, 3]
solve; 7**(x+2)+4*(7**(x-1))-347; [1]
solve; (1/5)**(1-x)-(1/5)**x-4.96; [2]
solve; x/(x-2)-8/(x+5)-14/(x**2+3*x-10); [1]
solve; y/(2*y-3)+1/(y+7)+17/(2*(y**2)+11*y-21); -2
solve; sqrt(x)+x**2-18; [4]
solve; x**3+5*x-6; [1]
solve; 13*(5*x-1)-15*(4*x+2)<0; x<8.6
solve; 6*(7-0.2*x)-5*(8-0.4*x)>0; x>-2.5
solve; x**2+2*x-48<0; Or(And(-8>x, x<6) )
solve; -x**2+2*x+15<0; Or(And(-oo>x, x<1.5), And(2<x, x<oo) )
solve; 4*(x**2)-12*x+9>0; Or(And(-oo>x, x<1.5), And(1.5<x, x<oo) )
solve; 2*(x**2)+13*x-7>0; Or(And(-oo>x, x<-7), And(1/2<x, x<oo) )
solve; 6*(x**2)-13*x+5<=0; Or(And(1/2>=x, x<=1+2/3) )
solve; 3*(x**2)-2*x>0; Or(And(-oo>x, x<0), And(2/3<x, x<oo) )
solve; 0.2*(x**2)>1.8; Or(And(-oo>x, x<-3), And(3<x, x<oo) )
solve; 7*x<x**2; Or(And(-oo>x, x<0), And(7<x, x<oo) )
solve; 0.01*(x**2)<=1; Or(And(-10>=x, x<=10) )
solve; 4*x<=-x**2; Or(And(-4>=x, x<=0) )
solve; -0.3*x<0.6*(x**2); Or(And(-oo>x, x<-0.5), And(0<x, x<oo) )
solve; 3*(x**2)+40*x+10<-x**2+11*x+3; Or(And(-7>=x, x<=-1/4) )
solve; 2*(x**2)+8*x-111<(3*x-5)*(2*x+6); [0]
solve; 2*x*(3*x-1)>4*(x**2)+5*x+9; Or(And(-oo>x, x<-1), And(4.5<x, x<oo) )
solve; (5*x+7)*(x-2)<21*(x**2)-11*x-13; [0]
solve; (x-14)*(x+10)<0; Or(And(-10>x, x<14) )
solve; (x+0.1)*(x+6.3)>=0; Or(And(-oo>x, x<=-6.3), And(-0.1=<x, x<oo) )
solve; (x-2)*(x-5)*(x-12)>0; Or(And(2>x, x<5), And(12<x, x<oo) )
solve; -4*(x+0.9)*(x-3.2)<0; Or(And(-oo>x, x<-0.9), And(3.2<x, x<oo) )
solve; (1.4-x)/(x+3.8)<0; Or(And(-oo>x, x<-3.8), And(1.4<x, x<oo) )
solve; (5*x-1.5)/(x-4)>0; Or(And(-oo>x, x<0.3), And(4<x, x<oo) )
solve; (x-21)/(x+7)<0; Or(And(-7>x, x<21) )
solve; (x+4.7)/(x-7.2)>0; Or(And(-oo>x, x<-4.7), And(7.2<x, x<oo) )
