solve; sin(x)+1;	[-pi/2+2*pi*k]
solve; cos(x)+1;	[pi+2*pi*k]
solve; sin(3*x);	[pi/3*k]
solve; cos(0.5*x);	[pi+2*pi*k]
solve; sin(x/2+(2*pi)/3)-1;	[-11*pi+4*pi*k]
solve; (1+tan(a)**2)*(cos(a)**2)-1;	0
solve; 1-(sin(a)**2)*(1+ctan(a)**2);	0
solve; 1+tan(a)**2+1/(sin(a)**2);	1/((sin(a)**2)*(cos(a)**2))
solve; (1+tan(a)**2)/(1+ctan(a)**2);	tan(a)**2
solve; 2*sin(x)+sin(x)**2+cos(x)**2-1;	[pi*k]
solve; 3*(cos(x)**2)-2*sin(x)-3+3*(sin(x)**2);	[pi*k]
solve; cos(x)**2-sin(x)**2-2*sin(x)+1+2*sin(x)**2;	[pi/2+2*pi*k]
solve; (sin(-a)**3+cos(-a)**3)/(1-sin(-a)*cos(-a));	cos(a)-sin(a)
solve; (1-(sin(a)+cos(-a))**2)/(-sin(-a));	-cos(a)
solve; sin(-x)-1;	[-pi/2+2*pi*k]
solve; cos(-2*x)-0;	[pi/4+(pi/2)*k]
solve; sin(-2*x)-0;	[(pi/2)*k]
solve; cos(-x)**2+sin(-x)-2+sin(x)**2;	[-pi/2+2*pi*k]
solve; 1-sin(-x)**2+cos(4*pi-x)-cos(x-2*pi);	[pi/2+2*pi*k]
solve; [sin(a+pi/6), a+3/5];	-(4*sqrt(3)+3)/10
solve; [sin(pi/4-a), a+sqrt(2)/3];	-(sqrt(14)-2)/6
solve; sin(a)*cos(2*a)+sin(2*a)*cos(a);	sin(3*a)
solve; sin(5*b)*cos(3*b)-sin(3*b)*cos(5*b);	sin(2*b)
solve; cos(6*x)*cos(5*x)+sin(6*x)*sin(5*x)+1;	[pi+2*pi*k]
solve; sin(3*x)*cos(5*x)-sin(5*x)*cos(3*x)+1;	[pi/4+pi*k]
solve; sqrt(2)*sin(pi/4-x/2)+sin(x/2)-1;	[4*pi*k]
solve; 2*cos(rad(40))*cos(rad(50));	sin(rad(80))
solve; 2*sin(rad(25))*sin(rad(65));	sin(rad(50))
solve; sin(2*a)+(sin(a)-cos(a))**2;	1
solve; cos(4*a)+sin(2*a)**2;	cos(2*a)**2
solve; sin(2*x)-2*cos(x)-0;	[pi/2+pi*k]
solve; cos(2*x)+sin(x)**2-1;	[2*pi*k]
solve; 4*cos(x)-sin(2*x);	[pi/2+pi*k]
solve; sin(x/2)*cos(x/2)+1/2-0;	[-pi/2+2*pi*k]
solve; cos(x/2)**2-sin(x/2)**2;	[pi/2+pi*k]
solve; 1+cos(x)-2*cos(x/2);	[pi+2*pi*k, 4*pi*k]
solve; 1+cos(x/2)-2*sin(x/4-(3*pi)/2);	[8*pi+8*pi*k]
solve; 1+cos(8*x)-2*cos(4*x);	[pi/4+(pi/2)*k]
solve; 2*(sin(x/2)**2)+1/2*sin(2*x)-1;	[pi/2+pi*k]
solve; 2*(cos(x)**2)-1/2*sin(4*x)-1;	[pi/4+(pi/2)*k]
solve; cos((23*pi)/4)-sin((15*pi)/4)-ctan((-11*pi)/2);	sqrt(2)
solve; sin((25*pi)/3)-cos((-17*pi)/2)-tan((10*pi)/3);	-sqrt(3)/2
solve; sin(-7*pi)-2*cos((31*pi)/3)-tan((7*pi)/4);	0
solve; cos(-9*pi)+2*sin((-49*pi)/6)-ctan((-21*pi)/4);	-1
solve; [(sin(a)**2/cos(a))-(cos(a)**2)/sin(a), sin(a)-cos(a)-1/2];	11/6
solve; [(4*sin(2*a)+5*cos(2*a))/(2*sin(2*a)-3*cos(2*a)), ctan(a)-1/3];	-4/9
solve; sin(5*pi+x)-1;	[-(9*pi)/2+2*pi*k]
solve; cos(x+3*pi)-0;	[-(5*pi)/2+pi*k]
solve; sin(9/2*pi+x)+1;	[-5*pi+2*pi*k]
solve; [(ctan(a)+tan(a))/(ctan(a)-tan(a)), tan(a)-2];	-5/3
solve; [(sin(a)-cos(a))/(sin(a)+cos(a)), tan(a)-2]; 	1/3
solve; [(2*sin(a)+3*cos(a))/(3*sin(a)-5*cos(a)), tan(a)-2]; 	7
solve; [(sin(a)**2+2*cos(a)**2)/(sin(a)**2-cos(a)**2), tan(a)-2];	2
solve; cos(pi/2-x)-1;	pi/2+2*pi*k
solve; sin((3*pi)/2+x)-1;	pi+2*pi*k
solve; sin(x-pi/2)-1;	pi+2*pi*k
solve; sin(2*x+3*pi)*sin(3*x+(3*pi)/2)-sin(3*x)*cos(2*x)+1; 	pi*k
solve; sin(5*x-(3*pi)/2)*cos(2*x+4*pi)-sin(5*x+pi)*sin(2*x)-0; 	pi/6+(pi/3)*k
solve; cos(rad(105))+cos(rad(75));	0
solve; sin(rad(105))-sin(rad(75));	0