solve; -x**2+x+2>0; And(x < 2, x > -1)
solve; x**2+2*x-48<0; And(x < 6, x > -8)
solve; 0.01*x**2<=1; And(x <= 10, x >= -10)
solve; 4*x <= -x**2; And(x <= 0, x >= -4)
solve; -0.3*x < 0.6*x**2; Or(And(-oo < x, x < -0.5), And(x < oo, x > 0))
solve; (x-14)*(x+10)<0; And(x<14, x>-10)
solve; (x+0.1)*(x+6.3)>=0; Or(And(-oo<x, x<=-6.3), And(x<oo, x>=-0.1))
solve; (x-12)*(x-5)*(x-2)>0; Or(And(x<5, x>2), And(x<oo, x>12))
solve; (-4*x-3.6)*(x-3.2)<0; Or(And(-oo<x, x<-0.9), And(x<oo, x>3.2))
solve; (x-21)/(x+7)<0; And(x<21, x>-7)
solve; 3**(-x+6)-3**(3*x-2); [2]
solve; (1 / 5) ** (1 - x) - (1 / 5) ** x - 4.96; [2]
